experiment_identifier,experiment_description,ParameterSet_id,ml_classifier_name,implementation_language,outcome_type,app_file_path,full_dataset_name,host_name,user_id,compute_manufacture,computer_name,os,system_type,cpu_gpu,cpu_gpu_model,processing_unit_speed,ram,number_of_cores_used,mean_core_percent_usage,start_date_time,end_date_time,running_time1(average sec),running_time2(sec),mean_fit_time,std_fit_time,mean_score_time,std_score_time,parameters_and_values,split_random_seed,split0_test_auc,split1_test_auc,split2_test_auc,split3_test_auc,split4_test_auc,mean_test_auc,combined_test_auc,std_test_auc,rank_test_auc,percent_auc_diff,rank_diff,split0_train_auc,split1_train_auc,split2_train_auc,split3_train_auc,split4_train_auc,mean_train_auc,std_train_auc,split0_test_f1,split1_test_f1,split2_test_f1,split3_test_f1,split4_test_f1,mean_test_f1,std_test_f1,rank_test_f1,split0_train_f1,split1_train_f1,split2_train_f1,split3_train_f1,split4_train_f1,mean_train_f1,std_train_f1,feature_importance
'comparative','DNM 5 year dropout',1.000000,'deep learning keras',"'python 3.8.5 (default, Sep  4 2020, 02:22:02) \n[Clang 10.0.0 ]'",'SM-5Year','/Users/chuhanxu/PycharmProjects/keras/DNM\\stage1/dnn_keras_bestmodel_5.py','/LSM-5Year.txt','Chuhans-MBP.fios-router.home','chuhanxu','Dell Inc.','Chuhans-MBP.fios-router.home','macOS-10.16-x86_64-i386-64bit','x86_64','CPU','Intel(R) Core(TM) i7-9750H CPU @ 2.60GHz','2.6000 GHz','16.0G',12,'14.666666666666666%','10/01/2021 08:57:59','10/01/2021 09:18:08',24.16503392,266.9565501213074,53.007059,0.253976,0.384251,0.062535,"{'L1': 0, 'L2': 0, 'batch_size': 10, 'dec': 0.01, 'drate': 0.0, 'epochs': 100, 'hacti': 'relu', 'iacti': 'relu', 'idim': 31, 'kinit': 'he_normal', 'lrate': 0.005, 'ls': 'binary_crossentropy', 'ltype': 3, 'momen': 0.9, 'mstruct': (75, 75, 1), 'oacti': 'sigmoid', 'opti': 'SGD'}",123.000000,0.739720,0.719857,0.638452,0.751786,0.716524,0.713268,0.000000,0.039585,5,0.098866,49,0.779138,0.785563,0.797822,0.775062,0.781343,0.783786,0.007796,0.155844,0.026667,0.102564,0.081081,0.080000,0.089231,0.041668,1,0.137255,0.158228,0.160772,0.099338,0.136364,0.138391,0.022023
'comparative','DNM 5 year dropout',2.000000,'deep learning keras',"'python 3.8.5 (default, Sep  4 2020, 02:22:02) \n[Clang 10.0.0 ]'",'SM-5Year','/Users/chuhanxu/PycharmProjects/keras/DNM\\stage1/dnn_keras_bestmodel_5.py','/LSM-5Year.txt','Chuhans-MBP.fios-router.home','chuhanxu','Dell Inc.','Chuhans-MBP.fios-router.home','macOS-10.16-x86_64-i386-64bit','x86_64','CPU','Intel(R) Core(TM) i7-9750H CPU @ 2.60GHz','2.6000 GHz','16.0G',12,'14.666666666666666%','10/01/2021 08:57:59','10/01/2021 09:18:08',24.16503392,266.65538454055786,52.942653,0.247127,0.388424,0.088367,"{'L1': 0, 'L2': 0, 'batch_size': 10, 'dec': 0.01, 'drate': 0.01, 'epochs': 100, 'hacti': 'relu', 'iacti': 'relu', 'idim': 31, 'kinit': 'he_normal', 'lrate': 0.005, 'ls': 'binary_crossentropy', 'ltype': 3, 'momen': 0.9, 'mstruct': (75, 75, 1), 'oacti': 'sigmoid', 'opti': 'SGD'}",123.000000,0.691942,0.685238,0.634595,0.728905,0.689000,0.685936,0.000000,0.030094,45,0.134068,50,0.766135,0.763755,0.799334,0.782530,0.777735,0.777898,0.012801,0.000000,0.028169,0.103896,0.081081,0.077922,0.058214,0.038183,3,0.027875,0.062284,0.137255,0.074324,0.162338,0.092815,0.049598
'comparative','DNM 5 year dropout',3.000000,'deep learning keras',"'python 3.8.5 (default, Sep  4 2020, 02:22:02) \n[Clang 10.0.0 ]'",'SM-5Year','/Users/chuhanxu/PycharmProjects/keras/DNM\\stage1/dnn_keras_bestmodel_5.py','/LSM-5Year.txt','Chuhans-MBP.fios-router.home','chuhanxu','Dell Inc.','Chuhans-MBP.fios-router.home','macOS-10.16-x86_64-i386-64bit','x86_64','CPU','Intel(R) Core(TM) i7-9750H CPU @ 2.60GHz','2.6000 GHz','16.0G',12,'14.666666666666666%','10/01/2021 08:57:59','10/01/2021 09:18:08',24.16503392,265.8949692249298,52.742119,0.225898,0.436875,0.078573,"{'L1': 0, 'L2': 0, 'batch_size': 10, 'dec': 0.01, 'drate': 0.02, 'epochs': 100, 'hacti': 'relu', 'iacti': 'relu', 'idim': 31, 'kinit': 'he_normal', 'lrate': 0.005, 'ls': 'binary_crossentropy', 'ltype': 3, 'momen': 0.9, 'mstruct': (75, 75, 1), 'oacti': 'sigmoid', 'opti': 'SGD'}",123.000000,0.728072,0.741905,0.631190,0.760024,0.725714,0.717381,0.000000,0.044794,2,0.088763,45,0.771481,0.772939,0.790763,0.776603,0.793506,0.781058,0.009237,0.055556,0.026667,0.098765,0.055556,0.054795,0.058268,0.023089,2,0.061644,0.105960,0.135048,0.048276,0.114094,0.093004,0.032755
'comparative','DNM 5 year dropout',4.000000,'deep learning keras',"'python 3.8.5 (default, Sep  4 2020, 02:22:02) \n[Clang 10.0.0 ]'",'SM-5Year','/Users/chuhanxu/PycharmProjects/keras/DNM\\stage1/dnn_keras_bestmodel_5.py','/LSM-5Year.txt','Chuhans-MBP.fios-router.home','chuhanxu','Dell Inc.','Chuhans-MBP.fios-router.home','macOS-10.16-x86_64-i386-64bit','x86_64','CPU','Intel(R) Core(TM) i7-9750H CPU @ 2.60GHz','2.6000 GHz','16.0G',12,'14.666666666666666%','10/01/2021 08:57:59','10/01/2021 09:18:08',24.16503392,265.63006234169006,52.716696,0.262474,0.409316,0.088312,"{'L1': 0, 'L2': 0, 'batch_size': 10, 'dec': 0.01, 'drate': 0.03, 'epochs': 100, 'hacti': 'relu', 'iacti': 'relu', 'idim': 31, 'kinit': 'he_normal', 'lrate': 0.005, 'ls': 'binary_crossentropy', 'ltype': 3, 'momen': 0.9, 'mstruct': (75, 75, 1), 'oacti': 'sigmoid', 'opti': 'SGD'}",123.000000,0.724150,0.728500,0.642048,0.747952,0.723190,0.713168,0.000000,0.036672,6,0.087600,42,0.778562,0.768738,0.806331,0.746975,0.777601,0.775641,0.019098,0.000000,0.027027,0.098765,0.028169,0.026667,0.036126,0.033059,8,0.034843,0.131148,0.164038,0.007117,0.074074,0.082244,0.058377
'comparative','DNM 5 year dropout',5.000000,'deep learning keras',"'python 3.8.5 (default, Sep  4 2020, 02:22:02) \n[Clang 10.0.0 ]'",'SM-5Year','/Users/chuhanxu/PycharmProjects/keras/DNM\\stage1/dnn_keras_bestmodel_5.py','/LSM-5Year.txt','Chuhans-MBP.fios-router.home','chuhanxu','Dell Inc.','Chuhans-MBP.fios-router.home','macOS-10.16-x86_64-i386-64bit','x86_64','CPU','Intel(R) Core(TM) i7-9750H CPU @ 2.60GHz','2.6000 GHz','16.0G',12,'14.666666666666666%','10/01/2021 08:57:59','10/01/2021 09:18:08',24.16503392,266.70827627182007,52.976474,0.488198,0.365181,0.099499,"{'L1': 0, 'L2': 0, 'batch_size': 10, 'dec': 0.01, 'drate': 0.04, 'epochs': 100, 'hacti': 'relu', 'iacti': 'relu', 'idim': 31, 'kinit': 'he_normal', 'lrate': 0.005, 'ls': 'binary_crossentropy', 'ltype': 3, 'momen': 0.9, 'mstruct': (75, 75, 1), 'oacti': 'sigmoid', 'opti': 'SGD'}",123.000000,0.747183,0.721071,0.633762,0.742690,0.674905,0.703922,0.000000,0.043435,14,0.088813,46,0.757647,0.755368,0.790407,0.767462,0.761314,0.766440,0.012662,0.000000,0.054795,0.055556,0.108108,0.028169,0.049325,0.035790,4,0.041958,0.041522,0.055172,0.100000,0.041667,0.056064,0.022578
'comparative','DNM 5 year dropout',6.000000,'deep learning keras',"'python 3.8.5 (default, Sep  4 2020, 02:22:02) \n[Clang 10.0.0 ]'",'SM-5Year','/Users/chuhanxu/PycharmProjects/keras/DNM\\stage1/dnn_keras_bestmodel_5.py','/LSM-5Year.txt','Chuhans-MBP.fios-router.home','chuhanxu','Dell Inc.','Chuhans-MBP.fios-router.home','macOS-10.16-x86_64-i386-64bit','x86_64','CPU','Intel(R) Core(TM) i7-9750H CPU @ 2.60GHz','2.6000 GHz','16.0G',12,'14.666666666666666%','10/01/2021 08:57:59','10/01/2021 09:18:08',24.16503392,264.40244913101196,52.419825,0.432412,0.460665,0.096459,"{'L1': 0, 'L2': 0, 'batch_size': 10, 'dec': 0.01, 'drate': 0.05, 'epochs': 100, 'hacti': 'relu', 'iacti': 'relu', 'idim': 31, 'kinit': 'he_normal', 'lrate': 0.005, 'ls': 'binary_crossentropy', 'ltype': 3, 'momen': 0.9, 'mstruct': (75, 75, 1), 'oacti': 'sigmoid', 'opti': 'SGD'}",123.000000,0.734348,0.708786,0.623952,0.755381,0.687952,0.702084,0.000000,0.045234,17,0.093018,47,0.757449,0.755073,0.795970,0.764581,0.763877,0.767390,0.014749,0.054795,0.000000,0.150000,0.000000,0.028169,0.046593,0.055573,6,0.080537,0.055363,0.136364,0.014035,0.075342,0.072328,0.039656
'comparative','DNM 5 year dropout',7.000000,'deep learning keras',"'python 3.8.5 (default, Sep  4 2020, 02:22:02) \n[Clang 10.0.0 ]'",'SM-5Year','/Users/chuhanxu/PycharmProjects/keras/DNM\\stage1/dnn_keras_bestmodel_5.py','/LSM-5Year.txt','Chuhans-MBP.fios-router.home','chuhanxu','Dell Inc.','Chuhans-MBP.fios-router.home','macOS-10.16-x86_64-i386-64bit','x86_64','CPU','Intel(R) Core(TM) i7-9750H CPU @ 2.60GHz','2.6000 GHz','16.0G',12,'14.666666666666666%','10/01/2021 08:57:59','10/01/2021 09:18:08',24.16503392,265.92976689338684,52.825598,0.404477,0.360356,0.099110,"{'L1': 0, 'L2': 0, 'batch_size': 10, 'dec': 0.01, 'drate': 0.06, 'epochs': 100, 'hacti': 'relu', 'iacti': 'relu', 'idim': 31, 'kinit': 'he_normal', 'lrate': 0.005, 'ls': 'binary_crossentropy', 'ltype': 3, 'momen': 0.9, 'mstruct': (75, 75, 1), 'oacti': 'sigmoid', 'opti': 'SGD'}",123.000000,0.750654,0.744810,0.634381,0.757167,0.696286,0.716659,0.000000,0.046419,3,0.069724,28,0.771959,0.770504,0.786111,0.754170,0.750394,0.766628,0.012975,0.055556,0.054054,0.082192,0.000000,0.028169,0.043994,0.027856,7,0.048611,0.106312,0.054983,0.014134,0.041958,0.053200,0.029992
'comparative','DNM 5 year dropout',8.000000,'deep learning keras',"'python 3.8.5 (default, Sep  4 2020, 02:22:02) \n[Clang 10.0.0 ]'",'SM-5Year','/Users/chuhanxu/PycharmProjects/keras/DNM\\stage1/dnn_keras_bestmodel_5.py','/LSM-5Year.txt','Chuhans-MBP.fios-router.home','chuhanxu','Dell Inc.','Chuhans-MBP.fios-router.home','macOS-10.16-x86_64-i386-64bit','x86_64','CPU','Intel(R) Core(TM) i7-9750H CPU @ 2.60GHz','2.6000 GHz','16.0G',12,'14.666666666666666%','10/01/2021 08:57:59','10/01/2021 09:18:08',24.16503392,266.8635606765747,52.926906,0.193837,0.445806,0.105044,"{'L1': 0, 'L2': 0, 'batch_size': 10, 'dec': 0.01, 'drate': 0.07, 'epochs': 100, 'hacti': 'relu', 'iacti': 'relu', 'idim': 31, 'kinit': 'he_normal', 'lrate': 0.005, 'ls': 'binary_crossentropy', 'ltype': 3, 'momen': 0.9, 'mstruct': (75, 75, 1), 'oacti': 'sigmoid', 'opti': 'SGD'}",123.000000,0.754885,0.697143,0.631476,0.758810,0.707643,0.709991,0.000000,0.046333,8,0.079586,37,0.766772,0.756846,0.791985,0.753132,0.763747,0.766496,0.013631,0.000000,0.000000,0.077922,0.028169,0.000000,0.021218,0.030379,11,0.034364,0.021053,0.088435,0.007092,0.007092,0.031607,0.030168
'comparative','DNM 5 year dropout',9.000000,'deep learning keras',"'python 3.8.5 (default, Sep  4 2020, 02:22:02) \n[Clang 10.0.0 ]'",'SM-5Year','/Users/chuhanxu/PycharmProjects/keras/DNM\\stage1/dnn_keras_bestmodel_5.py','/LSM-5Year.txt','Chuhans-MBP.fios-router.home','chuhanxu','Dell Inc.','Chuhans-MBP.fios-router.home','macOS-10.16-x86_64-i386-64bit','x86_64','CPU','Intel(R) Core(TM) i7-9750H CPU @ 2.60GHz','2.6000 GHz','16.0G',12,'14.666666666666666%','10/01/2021 08:57:59','10/01/2021 09:18:08',24.16503392,266.4086871147156,52.858797,0.444443,0.422941,0.103473,"{'L1': 0, 'L2': 0, 'batch_size': 10, 'dec': 0.01, 'drate': 0.08, 'epochs': 100, 'hacti': 'relu', 'iacti': 'relu', 'idim': 31, 'kinit': 'he_normal', 'lrate': 0.005, 'ls': 'binary_crossentropy', 'ltype': 3, 'momen': 0.9, 'mstruct': (75, 75, 1), 'oacti': 'sigmoid', 'opti': 'SGD'}",123.000000,0.740171,0.728381,0.654452,0.763643,0.720024,0.721334,0.000000,0.036522,1,0.063816,20,0.758639,0.758939,0.798814,0.747564,0.772877,0.767367,0.017656,0.028169,0.000000,0.101266,0.028169,0.000000,0.031521,0.037078,9,0.028070,0.054983,0.170347,0.021053,0.007092,0.056309,0.059109
'comparative','DNM 5 year dropout',10.000000,'deep learning keras',"'python 3.8.5 (default, Sep  4 2020, 02:22:02) \n[Clang 10.0.0 ]'",'SM-5Year','/Users/chuhanxu/PycharmProjects/keras/DNM\\stage1/dnn_keras_bestmodel_5.py','/LSM-5Year.txt','Chuhans-MBP.fios-router.home','chuhanxu','Dell Inc.','Chuhans-MBP.fios-router.home','macOS-10.16-x86_64-i386-64bit','x86_64','CPU','Intel(R) Core(TM) i7-9750H CPU @ 2.60GHz','2.6000 GHz','16.0G',12,'14.666666666666666%','10/01/2021 08:57:59','10/01/2021 09:18:08',24.16503392,268.5650486946106,53.326592,0.517987,0.386418,0.085776,"{'L1': 0, 'L2': 0, 'batch_size': 10, 'dec': 0.01, 'drate': 0.09, 'epochs': 100, 'hacti': 'relu', 'iacti': 'relu', 'idim': 31, 'kinit': 'he_normal', 'lrate': 0.005, 'ls': 'binary_crossentropy', 'ltype': 3, 'momen': 0.9, 'mstruct': (75, 75, 1), 'oacti': 'sigmoid', 'opti': 'SGD'}",123.000000,0.738697,0.714548,0.641690,0.718786,0.709976,0.704739,0.000000,0.033013,13,0.088517,44,0.760764,0.759729,0.788689,0.758467,0.767955,0.767121,0.011277,0.028169,0.000000,0.054795,0.028169,0.027397,0.027706,0.017332,10,0.007092,0.088136,0.081633,0.035088,0.068027,0.055995,0.030541
'comparative','DNM 5 year dropout',11.000000,'deep learning keras',"'python 3.8.5 (default, Sep  4 2020, 02:22:02) \n[Clang 10.0.0 ]'",'SM-5Year','/Users/chuhanxu/PycharmProjects/keras/DNM\\stage1/dnn_keras_bestmodel_5.py','/LSM-5Year.txt','Chuhans-MBP.fios-router.home','chuhanxu','Dell Inc.','Chuhans-MBP.fios-router.home','macOS-10.16-x86_64-i386-64bit','x86_64','CPU','Intel(R) Core(TM) i7-9750H CPU @ 2.60GHz','2.6000 GHz','16.0G',12,'14.666666666666666%','10/01/2021 08:57:59','10/01/2021 09:18:08',24.16503392,268.21098017692566,53.191819,0.413736,0.450377,0.064545,"{'L1': 0, 'L2': 0, 'batch_size': 10, 'dec': 0.01, 'drate': 0.1, 'epochs': 100, 'hacti': 'relu', 'iacti': 'relu', 'idim': 31, 'kinit': 'he_normal', 'lrate': 0.005, 'ls': 'binary_crossentropy', 'ltype': 3, 'momen': 0.9, 'mstruct': (75, 75, 1), 'oacti': 'sigmoid', 'opti': 'SGD'}",123.000000,0.720395,0.698976,0.638286,0.755571,0.687929,0.700231,0.000000,0.038625,19,0.087846,43,0.753932,0.762327,0.779983,0.751676,0.760800,0.761744,0.009963,0.000000,0.000000,0.054795,0.000000,0.000000,0.010959,0.021918,17,0.014184,0.014134,0.034965,0.014184,0.014184,0.018331,0.008317
'comparative','DNM 5 year dropout',12.000000,'deep learning keras',"'python 3.8.5 (default, Sep  4 2020, 02:22:02) \n[Clang 10.0.0 ]'",'SM-5Year','/Users/chuhanxu/PycharmProjects/keras/DNM\\stage1/dnn_keras_bestmodel_5.py','/LSM-5Year.txt','Chuhans-MBP.fios-router.home','chuhanxu','Dell Inc.','Chuhans-MBP.fios-router.home','macOS-10.16-x86_64-i386-64bit','x86_64','CPU','Intel(R) Core(TM) i7-9750H CPU @ 2.60GHz','2.6000 GHz','16.0G',12,'14.666666666666666%','10/01/2021 08:57:59','10/01/2021 09:18:08',24.16503392,270.2056028842926,53.636967,0.562117,0.404154,0.083631,"{'L1': 0, 'L2': 0, 'batch_size': 10, 'dec': 0.01, 'drate': 0.11, 'epochs': 100, 'hacti': 'relu', 'iacti': 'relu', 'idim': 31, 'kinit': 'he_normal', 'lrate': 0.005, 'ls': 'binary_crossentropy', 'ltype': 3, 'momen': 0.9, 'mstruct': (75, 75, 1), 'oacti': 'sigmoid', 'opti': 'SGD'}",123.000000,0.732517,0.695667,0.620048,0.739500,0.709333,0.699413,0.000000,0.042695,21,0.095633,48,0.746946,0.767429,0.797806,0.753642,0.765678,0.766300,0.017488,0.028169,0.027778,0.101266,0.055556,0.027778,0.048109,0.028655,5,0.048443,0.034722,0.088737,0.028070,0.081911,0.056377,0.024627
'comparative','DNM 5 year dropout',13.000000,'deep learning keras',"'python 3.8.5 (default, Sep  4 2020, 02:22:02) \n[Clang 10.0.0 ]'",'SM-5Year','/Users/chuhanxu/PycharmProjects/keras/DNM\\stage1/dnn_keras_bestmodel_5.py','/LSM-5Year.txt','Chuhans-MBP.fios-router.home','chuhanxu','Dell Inc.','Chuhans-MBP.fios-router.home','macOS-10.16-x86_64-i386-64bit','x86_64','CPU','Intel(R) Core(TM) i7-9750H CPU @ 2.60GHz','2.6000 GHz','16.0G',12,'14.666666666666666%','10/01/2021 08:57:59','10/01/2021 09:18:08',24.16503392,264.98124504089355,52.469525,0.598385,0.526724,0.069279,"{'L1': 0, 'L2': 0, 'batch_size': 10, 'dec': 0.01, 'drate': 0.12, 'epochs': 100, 'hacti': 'relu', 'iacti': 'relu', 'idim': 31, 'kinit': 'he_normal', 'lrate': 0.005, 'ls': 'binary_crossentropy', 'ltype': 3, 'momen': 0.9, 'mstruct': (75, 75, 1), 'oacti': 'sigmoid', 'opti': 'SGD'}",123.000000,0.710031,0.699048,0.615071,0.773048,0.697571,0.698954,0.000000,0.050301,22,0.077100,35,0.755964,0.754911,0.762931,0.740765,0.749644,0.752843,0.007374,0.028169,0.028169,0.000000,0.000000,0.000000,0.011268,0.013800,13,0.021127,0.054795,0.000000,0.000000,0.061644,0.027513,0.026321
'comparative','DNM 5 year dropout',14.000000,'deep learning keras',"'python 3.8.5 (default, Sep  4 2020, 02:22:02) \n[Clang 10.0.0 ]'",'SM-5Year','/Users/chuhanxu/PycharmProjects/keras/DNM\\stage1/dnn_keras_bestmodel_5.py','/LSM-5Year.txt','Chuhans-MBP.fios-router.home','chuhanxu','Dell Inc.','Chuhans-MBP.fios-router.home','macOS-10.16-x86_64-i386-64bit','x86_64','CPU','Intel(R) Core(TM) i7-9750H CPU @ 2.60GHz','2.6000 GHz','16.0G',12,'14.666666666666666%','10/01/2021 08:57:59','10/01/2021 09:18:08',24.16503392,267.49451661109924,53.094824,0.377577,0.404079,0.059969,"{'L1': 0, 'L2': 0, 'batch_size': 10, 'dec': 0.01, 'drate': 0.13, 'epochs': 100, 'hacti': 'relu', 'iacti': 'relu', 'idim': 31, 'kinit': 'he_normal', 'lrate': 0.005, 'ls': 'binary_crossentropy', 'ltype': 3, 'momen': 0.9, 'mstruct': (75, 75, 1), 'oacti': 'sigmoid', 'opti': 'SGD'}",123.000000,0.741431,0.716952,0.645548,0.744048,0.676595,0.704915,0.000000,0.038304,12,0.072764,31,0.744894,0.763262,0.774326,0.740227,0.758327,0.756207,0.012377,0.000000,0.000000,0.027778,0.000000,0.000000,0.005556,0.011111,22,0.014184,0.000000,0.021201,0.000000,0.048611,0.016799,0.017903
'comparative','DNM 5 year dropout',15.000000,'deep learning keras',"'python 3.8.5 (default, Sep  4 2020, 02:22:02) \n[Clang 10.0.0 ]'",'SM-5Year','/Users/chuhanxu/PycharmProjects/keras/DNM\\stage1/dnn_keras_bestmodel_5.py','/LSM-5Year.txt','Chuhans-MBP.fios-router.home','chuhanxu','Dell Inc.','Chuhans-MBP.fios-router.home','macOS-10.16-x86_64-i386-64bit','x86_64','CPU','Intel(R) Core(TM) i7-9750H CPU @ 2.60GHz','2.6000 GHz','16.0G',12,'14.666666666666666%','10/01/2021 08:57:59','10/01/2021 09:18:08',24.16503392,270.3040118217468,53.525347,0.607794,0.535455,0.030546,"{'L1': 0, 'L2': 0, 'batch_size': 10, 'dec': 0.01, 'drate': 0.14, 'epochs': 100, 'hacti': 'relu', 'iacti': 'relu', 'idim': 31, 'kinit': 'he_normal', 'lrate': 0.005, 'ls': 'binary_crossentropy', 'ltype': 3, 'momen': 0.9, 'mstruct': (75, 75, 1), 'oacti': 'sigmoid', 'opti': 'SGD'}",123.000000,0.739387,0.697286,0.644262,0.763524,0.689738,0.706839,0.000000,0.041406,9,0.068068,26,0.752105,0.750578,0.781208,0.740060,0.750812,0.754953,0.013824,0.000000,0.027778,0.027397,0.000000,0.000000,0.011035,0.013516,16,0.000000,0.041379,0.061433,0.000000,0.000000,0.020563,0.025970
'comparative','DNM 5 year dropout',16.000000,'deep learning keras',"'python 3.8.5 (default, Sep  4 2020, 02:22:02) \n[Clang 10.0.0 ]'",'SM-5Year','/Users/chuhanxu/PycharmProjects/keras/DNM\\stage1/dnn_keras_bestmodel_5.py','/LSM-5Year.txt','Chuhans-MBP.fios-router.home','chuhanxu','Dell Inc.','Chuhans-MBP.fios-router.home','macOS-10.16-x86_64-i386-64bit','x86_64','CPU','Intel(R) Core(TM) i7-9750H CPU @ 2.60GHz','2.6000 GHz','16.0G',12,'14.666666666666666%','10/01/2021 08:57:59','10/01/2021 09:18:08',24.16503392,271.8963930606842,53.938378,0.623358,0.440900,0.096147,"{'L1': 0, 'L2': 0, 'batch_size': 10, 'dec': 0.01, 'drate': 0.15, 'epochs': 100, 'hacti': 'relu', 'iacti': 'relu', 'idim': 31, 'kinit': 'he_normal', 'lrate': 0.005, 'ls': 'binary_crossentropy', 'ltype': 3, 'momen': 0.9, 'mstruct': (75, 75, 1), 'oacti': 'sigmoid', 'opti': 'SGD'}",123.000000,0.725339,0.691310,0.640405,0.748833,0.695095,0.700196,0.000000,0.036545,20,0.079982,38,0.747819,0.758951,0.772720,0.738202,0.763304,0.756199,0.012042,0.000000,0.027778,0.000000,0.028169,0.000000,0.011189,0.013705,15,0.000000,0.027972,0.021053,0.000000,0.035088,0.016822,0.014435
'comparative','DNM 5 year dropout',17.000000,'deep learning keras',"'python 3.8.5 (default, Sep  4 2020, 02:22:02) \n[Clang 10.0.0 ]'",'SM-5Year','/Users/chuhanxu/PycharmProjects/keras/DNM\\stage1/dnn_keras_bestmodel_5.py','/LSM-5Year.txt','Chuhans-MBP.fios-router.home','chuhanxu','Dell Inc.','Chuhans-MBP.fios-router.home','macOS-10.16-x86_64-i386-64bit','x86_64','CPU','Intel(R) Core(TM) i7-9750H CPU @ 2.60GHz','2.6000 GHz','16.0G',12,'14.666666666666666%','10/01/2021 08:57:59','10/01/2021 09:18:08',24.16503392,271.98130559921265,53.919339,0.484869,0.476922,0.097856,"{'L1': 0, 'L2': 0, 'batch_size': 10, 'dec': 0.01, 'drate': 0.16, 'epochs': 100, 'hacti': 'relu', 'iacti': 'relu', 'idim': 31, 'kinit': 'he_normal', 'lrate': 0.005, 'ls': 'binary_crossentropy', 'ltype': 3, 'momen': 0.9, 'mstruct': (75, 75, 1), 'oacti': 'sigmoid', 'opti': 'SGD'}",123.000000,0.709437,0.687952,0.625476,0.738762,0.685905,0.689506,0.000000,0.037252,41,0.083108,40,0.739472,0.749523,0.773649,0.718971,0.752434,0.746810,0.017823,0.028169,0.000000,0.054054,0.000000,0.000000,0.016445,0.021740,12,0.000000,0.014134,0.028070,0.000000,0.028169,0.014075,0.012576
'comparative','DNM 5 year dropout',18.000000,'deep learning keras',"'python 3.8.5 (default, Sep  4 2020, 02:22:02) \n[Clang 10.0.0 ]'",'SM-5Year','/Users/chuhanxu/PycharmProjects/keras/DNM\\stage1/dnn_keras_bestmodel_5.py','/LSM-5Year.txt','Chuhans-MBP.fios-router.home','chuhanxu','Dell Inc.','Chuhans-MBP.fios-router.home','macOS-10.16-x86_64-i386-64bit','x86_64','CPU','Intel(R) Core(TM) i7-9750H CPU @ 2.60GHz','2.6000 GHz','16.0G',12,'14.666666666666666%','10/01/2021 08:57:59','10/01/2021 09:18:08',24.16503392,269.3432173728943,53.359580,0.491241,0.509064,0.120976,"{'L1': 0, 'L2': 0, 'batch_size': 10, 'dec': 0.01, 'drate': 0.17, 'epochs': 100, 'hacti': 'relu', 'iacti': 'relu', 'idim': 31, 'kinit': 'he_normal', 'lrate': 0.005, 'ls': 'binary_crossentropy', 'ltype': 3, 'momen': 0.9, 'mstruct': (75, 75, 1), 'oacti': 'sigmoid', 'opti': 'SGD'}",123.000000,0.704112,0.702167,0.637071,0.766452,0.718738,0.705708,0.000000,0.041438,10,0.072126,30,0.740222,0.749101,0.778628,0.753902,0.761187,0.756608,0.012946,0.000000,0.000000,0.027397,0.000000,0.000000,0.005479,0.010959,24,0.007117,0.014134,0.007092,0.000000,0.021201,0.009909,0.007201
'comparative','DNM 5 year dropout',19.000000,'deep learning keras',"'python 3.8.5 (default, Sep  4 2020, 02:22:02) \n[Clang 10.0.0 ]'",'SM-5Year','/Users/chuhanxu/PycharmProjects/keras/DNM\\stage1/dnn_keras_bestmodel_5.py','/LSM-5Year.txt','Chuhans-MBP.fios-router.home','chuhanxu','Dell Inc.','Chuhans-MBP.fios-router.home','macOS-10.16-x86_64-i386-64bit','x86_64','CPU','Intel(R) Core(TM) i7-9750H CPU @ 2.60GHz','2.6000 GHz','16.0G',12,'14.666666666666666%','10/01/2021 08:57:59','10/01/2021 09:18:08',24.16503392,271.2887737751007,53.852793,0.337058,0.404962,0.065900,"{'L1': 0, 'L2': 0, 'batch_size': 10, 'dec': 0.01, 'drate': 0.18, 'epochs': 100, 'hacti': 'relu', 'iacti': 'relu', 'idim': 31, 'kinit': 'he_normal', 'lrate': 0.005, 'ls': 'binary_crossentropy', 'ltype': 3, 'momen': 0.9, 'mstruct': (75, 75, 1), 'oacti': 'sigmoid', 'opti': 'SGD'}",123.000000,0.708890,0.696262,0.647976,0.752357,0.674119,0.695921,0.000000,0.035007,28,0.081324,39,0.742803,0.750417,0.781827,0.739255,0.748278,0.752516,0.015177,0.000000,0.028169,0.028169,0.000000,0.000000,0.011268,0.013800,13,0.014184,0.007117,0.028070,0.000000,0.021201,0.014115,0.009931
'comparative','DNM 5 year dropout',20.000000,'deep learning keras',"'python 3.8.5 (default, Sep  4 2020, 02:22:02) \n[Clang 10.0.0 ]'",'SM-5Year','/Users/chuhanxu/PycharmProjects/keras/DNM\\stage1/dnn_keras_bestmodel_5.py','/LSM-5Year.txt','Chuhans-MBP.fios-router.home','chuhanxu','Dell Inc.','Chuhans-MBP.fios-router.home','macOS-10.16-x86_64-i386-64bit','x86_64','CPU','Intel(R) Core(TM) i7-9750H CPU @ 2.60GHz','2.6000 GHz','16.0G',12,'14.666666666666666%','10/01/2021 08:57:59','10/01/2021 09:18:08',24.16503392,269.6246407032013,53.366650,0.363205,0.558278,0.042888,"{'L1': 0, 'L2': 0, 'batch_size': 10, 'dec': 0.01, 'drate': 0.19, 'epochs': 100, 'hacti': 'relu', 'iacti': 'relu', 'idim': 31, 'kinit': 'he_normal', 'lrate': 0.005, 'ls': 'binary_crossentropy', 'ltype': 3, 'momen': 0.9, 'mstruct': (75, 75, 1), 'oacti': 'sigmoid', 'opti': 'SGD'}",123.000000,0.719182,0.692738,0.637190,0.748762,0.681881,0.695951,0.000000,0.037389,27,0.083701,41,0.748822,0.759931,0.775132,0.731608,0.755520,0.754203,0.014227,0.000000,0.000000,0.000000,0.028169,0.000000,0.005634,0.011268,18,0.000000,0.000000,0.028070,0.007117,0.000000,0.007038,0.010872
'comparative','DNM 5 year dropout',21.000000,'deep learning keras',"'python 3.8.5 (default, Sep  4 2020, 02:22:02) \n[Clang 10.0.0 ]'",'SM-5Year','/Users/chuhanxu/PycharmProjects/keras/DNM\\stage1/dnn_keras_bestmodel_5.py','/LSM-5Year.txt','Chuhans-MBP.fios-router.home','chuhanxu','Dell Inc.','Chuhans-MBP.fios-router.home','macOS-10.16-x86_64-i386-64bit','x86_64','CPU','Intel(R) Core(TM) i7-9750H CPU @ 2.60GHz','2.6000 GHz','16.0G',12,'14.666666666666666%','10/01/2021 08:57:59','10/01/2021 09:18:08',24.16503392,270.57179832458496,53.705435,0.404631,0.408925,0.083344,"{'L1': 0, 'L2': 0, 'batch_size': 10, 'dec': 0.01, 'drate': 0.2, 'epochs': 100, 'hacti': 'relu', 'iacti': 'relu', 'idim': 31, 'kinit': 'he_normal', 'lrate': 0.005, 'ls': 'binary_crossentropy', 'ltype': 3, 'momen': 0.9, 'mstruct': (75, 75, 1), 'oacti': 'sigmoid', 'opti': 'SGD'}",123.000000,0.730212,0.742976,0.638643,0.754381,0.705952,0.714433,0.000000,0.041172,4,0.060995,15,0.755333,0.760760,0.765267,0.757601,0.751086,0.758009,0.004807,0.000000,0.000000,0.000000,0.027778,0.000000,0.005556,0.011111,22,0.000000,0.000000,0.007117,0.048780,0.000000,0.011180,0.019001
'comparative','DNM 5 year dropout',22.000000,'deep learning keras',"'python 3.8.5 (default, Sep  4 2020, 02:22:02) \n[Clang 10.0.0 ]'",'SM-5Year','/Users/chuhanxu/PycharmProjects/keras/DNM\\stage1/dnn_keras_bestmodel_5.py','/LSM-5Year.txt','Chuhans-MBP.fios-router.home','chuhanxu','Dell Inc.','Chuhans-MBP.fios-router.home','macOS-10.16-x86_64-i386-64bit','x86_64','CPU','Intel(R) Core(TM) i7-9750H CPU @ 2.60GHz','2.6000 GHz','16.0G',12,'14.666666666666666%','10/01/2021 08:57:59','10/01/2021 09:18:08',24.16503392,272.1833965778351,53.859795,0.728291,0.576884,0.086731,"{'L1': 0, 'L2': 0, 'batch_size': 10, 'dec': 0.01, 'drate': 0.21, 'epochs': 100, 'hacti': 'relu', 'iacti': 'relu', 'idim': 31, 'kinit': 'he_normal', 'lrate': 0.005, 'ls': 'binary_crossentropy', 'ltype': 3, 'momen': 0.9, 'mstruct': (75, 75, 1), 'oacti': 'sigmoid', 'opti': 'SGD'}",123.000000,0.726646,0.718333,0.630071,0.735833,0.699214,0.702020,0.000000,0.037948,18,0.068608,27,0.746518,0.757142,0.765392,0.727947,0.753921,0.750184,0.012662,0.000000,0.000000,0.000000,0.000000,0.028169,0.005634,0.011268,18,0.007117,0.000000,0.000000,0.007117,0.007092,0.004265,0.003483
'comparative','DNM 5 year dropout',23.000000,'deep learning keras',"'python 3.8.5 (default, Sep  4 2020, 02:22:02) \n[Clang 10.0.0 ]'",'SM-5Year','/Users/chuhanxu/PycharmProjects/keras/DNM\\stage1/dnn_keras_bestmodel_5.py','/LSM-5Year.txt','Chuhans-MBP.fios-router.home','chuhanxu','Dell Inc.','Chuhans-MBP.fios-router.home','macOS-10.16-x86_64-i386-64bit','x86_64','CPU','Intel(R) Core(TM) i7-9750H CPU @ 2.60GHz','2.6000 GHz','16.0G',12,'14.666666666666666%','10/01/2021 08:57:59','10/01/2021 09:18:08',24.16503392,270.38713812828064,53.594931,0.338057,0.482496,0.073300,"{'L1': 0, 'L2': 0, 'batch_size': 10, 'dec': 0.01, 'drate': 0.22, 'epochs': 100, 'hacti': 'relu', 'iacti': 'relu', 'idim': 31, 'kinit': 'he_normal', 'lrate': 0.005, 'ls': 'binary_crossentropy', 'ltype': 3, 'momen': 0.9, 'mstruct': (75, 75, 1), 'oacti': 'sigmoid', 'opti': 'SGD'}",123.000000,0.720395,0.703690,0.632381,0.750571,0.707286,0.702865,0.000000,0.038914,15,0.065207,24,0.745447,0.741494,0.776888,0.741729,0.737925,0.748696,0.014295,0.028169,0.000000,0.000000,0.000000,0.000000,0.005634,0.011268,18,0.007117,0.014085,0.028070,0.000000,0.000000,0.009854,0.010502
'comparative','DNM 5 year dropout',24.000000,'deep learning keras',"'python 3.8.5 (default, Sep  4 2020, 02:22:02) \n[Clang 10.0.0 ]'",'SM-5Year','/Users/chuhanxu/PycharmProjects/keras/DNM\\stage1/dnn_keras_bestmodel_5.py','/LSM-5Year.txt','Chuhans-MBP.fios-router.home','chuhanxu','Dell Inc.','Chuhans-MBP.fios-router.home','macOS-10.16-x86_64-i386-64bit','x86_64','CPU','Intel(R) Core(TM) i7-9750H CPU @ 2.60GHz','2.6000 GHz','16.0G',12,'14.666666666666666%','10/01/2021 08:57:59','10/01/2021 09:18:08',24.16503392,272.0026686191559,53.932868,0.293263,0.467665,0.108414,"{'L1': 0, 'L2': 0, 'batch_size': 10, 'dec': 0.01, 'drate': 0.23, 'epochs': 100, 'hacti': 'relu', 'iacti': 'relu', 'idim': 31, 'kinit': 'he_normal', 'lrate': 0.005, 'ls': 'binary_crossentropy', 'ltype': 3, 'momen': 0.9, 'mstruct': (75, 75, 1), 'oacti': 'sigmoid', 'opti': 'SGD'}",123.000000,0.733183,0.738286,0.611976,0.769381,0.706381,0.711841,0.000000,0.053793,7,0.057451,10,0.754968,0.741361,0.769191,0.739471,0.758696,0.752738,0.011105,0.000000,0.000000,0.000000,0.000000,0.000000,0.000000,0.000000,25,0.000000,0.061644,0.014184,0.000000,0.007117,0.016589,0.023134
'comparative','DNM 5 year dropout',25.000000,'deep learning keras',"'python 3.8.5 (default, Sep  4 2020, 02:22:02) \n[Clang 10.0.0 ]'",'SM-5Year','/Users/chuhanxu/PycharmProjects/keras/DNM\\stage1/dnn_keras_bestmodel_5.py','/LSM-5Year.txt','Chuhans-MBP.fios-router.home','chuhanxu','Dell Inc.','Chuhans-MBP.fios-router.home','macOS-10.16-x86_64-i386-64bit','x86_64','CPU','Intel(R) Core(TM) i7-9750H CPU @ 2.60GHz','2.6000 GHz','16.0G',12,'14.666666666666666%','10/01/2021 08:57:59','10/01/2021 09:18:08',24.16503392,268.50772857666016,53.161600,0.737806,0.539946,0.129255,"{'L1': 0, 'L2': 0, 'batch_size': 10, 'dec': 0.01, 'drate': 0.24, 'epochs': 100, 'hacti': 'relu', 'iacti': 'relu', 'idim': 31, 'kinit': 'he_normal', 'lrate': 0.005, 'ls': 'binary_crossentropy', 'ltype': 3, 'momen': 0.9, 'mstruct': (75, 75, 1), 'oacti': 'sigmoid', 'opti': 'SGD'}",123.000000,0.719159,0.708333,0.626357,0.732048,0.706119,0.698403,0.000000,0.037179,23,0.063503,19,0.726331,0.739529,0.765711,0.746547,0.735652,0.742754,0.013206,0.000000,0.000000,0.000000,0.000000,0.000000,0.000000,0.000000,25,0.000000,0.000000,0.000000,0.000000,0.000000,0.000000,0.000000
'comparative','DNM 5 year dropout',26.000000,'deep learning keras',"'python 3.8.5 (default, Sep  4 2020, 02:22:02) \n[Clang 10.0.0 ]'",'SM-5Year','/Users/chuhanxu/PycharmProjects/keras/DNM\\stage1/dnn_keras_bestmodel_5.py','/LSM-5Year.txt','Chuhans-MBP.fios-router.home','chuhanxu','Dell Inc.','Chuhans-MBP.fios-router.home','macOS-10.16-x86_64-i386-64bit','x86_64','CPU','Intel(R) Core(TM) i7-9750H CPU @ 2.60GHz','2.6000 GHz','16.0G',12,'14.666666666666666%','10/01/2021 08:57:59','10/01/2021 09:18:08',24.16503392,270.7297067642212,53.709097,0.397587,0.436844,0.049763,"{'L1': 0, 'L2': 0, 'batch_size': 10, 'dec': 0.01, 'drate': 0.25, 'epochs': 100, 'hacti': 'relu', 'iacti': 'relu', 'idim': 31, 'kinit': 'he_normal', 'lrate': 0.005, 'ls': 'binary_crossentropy', 'ltype': 3, 'momen': 0.9, 'mstruct': (75, 75, 1), 'oacti': 'sigmoid', 'opti': 'SGD'}",123.000000,0.734039,0.671238,0.619167,0.728452,0.714548,0.693489,0.000000,0.043195,38,0.065014,22,0.729477,0.721434,0.771577,0.720116,0.750272,0.738575,0.019715,0.000000,0.000000,0.000000,0.000000,0.000000,0.000000,0.000000,25,0.000000,0.007117,0.000000,0.000000,0.007117,0.002847,0.003487
'comparative','DNM 5 year dropout',27.000000,'deep learning keras',"'python 3.8.5 (default, Sep  4 2020, 02:22:02) \n[Clang 10.0.0 ]'",'SM-5Year','/Users/chuhanxu/PycharmProjects/keras/DNM\\stage1/dnn_keras_bestmodel_5.py','/LSM-5Year.txt','Chuhans-MBP.fios-router.home','chuhanxu','Dell Inc.','Chuhans-MBP.fios-router.home','macOS-10.16-x86_64-i386-64bit','x86_64','CPU','Intel(R) Core(TM) i7-9750H CPU @ 2.60GHz','2.6000 GHz','16.0G',12,'14.666666666666666%','10/01/2021 08:57:59','10/01/2021 09:18:08',24.16503392,270.94884753227234,53.619270,0.699242,0.570499,0.050640,"{'L1': 0, 'L2': 0, 'batch_size': 10, 'dec': 0.01, 'drate': 0.26, 'epochs': 100, 'hacti': 'relu', 'iacti': 'relu', 'idim': 31, 'kinit': 'he_normal', 'lrate': 0.005, 'ls': 'binary_crossentropy', 'ltype': 3, 'momen': 0.9, 'mstruct': (75, 75, 1), 'oacti': 'sigmoid', 'opti': 'SGD'}",123.000000,0.750368,0.690417,0.607857,0.746476,0.695738,0.698171,0.000000,0.051538,24,0.064747,21,0.740295,0.735985,0.760702,0.732004,0.747892,0.743376,0.010139,0.000000,0.000000,0.000000,0.000000,0.000000,0.000000,0.000000,25,0.000000,0.000000,0.000000,0.000000,0.000000,0.000000,0.000000
'comparative','DNM 5 year dropout',28.000000,'deep learning keras',"'python 3.8.5 (default, Sep  4 2020, 02:22:02) \n[Clang 10.0.0 ]'",'SM-5Year','/Users/chuhanxu/PycharmProjects/keras/DNM\\stage1/dnn_keras_bestmodel_5.py','/LSM-5Year.txt','Chuhans-MBP.fios-router.home','chuhanxu','Dell Inc.','Chuhans-MBP.fios-router.home','macOS-10.16-x86_64-i386-64bit','x86_64','CPU','Intel(R) Core(TM) i7-9750H CPU @ 2.60GHz','2.6000 GHz','16.0G',12,'14.666666666666666%','10/01/2021 08:57:59','10/01/2021 09:18:08',24.16503392,272.59638476371765,54.064624,0.546906,0.454653,0.125099,"{'L1': 0, 'L2': 0, 'batch_size': 10, 'dec': 0.01, 'drate': 0.27, 'epochs': 100, 'hacti': 'relu', 'iacti': 'relu', 'idim': 31, 'kinit': 'he_normal', 'lrate': 0.005, 'ls': 'binary_crossentropy', 'ltype': 3, 'momen': 0.9, 'mstruct': (75, 75, 1), 'oacti': 'sigmoid', 'opti': 'SGD'}",123.000000,0.698526,0.718738,0.646905,0.716500,0.669714,0.690077,0.000000,0.027819,40,0.076294,34,0.733474,0.756787,0.763892,0.718297,0.741176,0.742725,0.016313,0.000000,0.000000,0.000000,0.000000,0.000000,0.000000,0.000000,25,0.000000,0.014184,0.007117,0.000000,0.000000,0.004260,0.005676
'comparative','DNM 5 year dropout',29.000000,'deep learning keras',"'python 3.8.5 (default, Sep  4 2020, 02:22:02) \n[Clang 10.0.0 ]'",'SM-5Year','/Users/chuhanxu/PycharmProjects/keras/DNM\\stage1/dnn_keras_bestmodel_5.py','/LSM-5Year.txt','Chuhans-MBP.fios-router.home','chuhanxu','Dell Inc.','Chuhans-MBP.fios-router.home','macOS-10.16-x86_64-i386-64bit','x86_64','CPU','Intel(R) Core(TM) i7-9750H CPU @ 2.60GHz','2.6000 GHz','16.0G',12,'14.666666666666666%','10/01/2021 08:57:59','10/01/2021 09:18:08',24.16503392,272.8642165660858,54.040834,0.907059,0.532009,0.115832,"{'L1': 0, 'L2': 0, 'batch_size': 10, 'dec': 0.01, 'drate': 0.28, 'epochs': 100, 'hacti': 'relu', 'iacti': 'relu', 'idim': 31, 'kinit': 'he_normal', 'lrate': 0.005, 'ls': 'binary_crossentropy', 'ltype': 3, 'momen': 0.9, 'mstruct': (75, 75, 1), 'oacti': 'sigmoid', 'opti': 'SGD'}",123.000000,0.700095,0.701833,0.633714,0.761714,0.676310,0.694733,0.000000,0.041541,34,0.061954,17,0.739150,0.733818,0.764268,0.715137,0.736500,0.737775,0.015707,0.000000,0.000000,0.000000,0.000000,0.000000,0.000000,0.000000,25,0.000000,0.000000,0.000000,0.000000,0.000000,0.000000,0.000000
'comparative','DNM 5 year dropout',30.000000,'deep learning keras',"'python 3.8.5 (default, Sep  4 2020, 02:22:02) \n[Clang 10.0.0 ]'",'SM-5Year','/Users/chuhanxu/PycharmProjects/keras/DNM\\stage1/dnn_keras_bestmodel_5.py','/LSM-5Year.txt','Chuhans-MBP.fios-router.home','chuhanxu','Dell Inc.','Chuhans-MBP.fios-router.home','macOS-10.16-x86_64-i386-64bit','x86_64','CPU','Intel(R) Core(TM) i7-9750H CPU @ 2.60GHz','2.6000 GHz','16.0G',12,'14.666666666666666%','10/01/2021 08:57:59','10/01/2021 09:18:08',24.16503392,267.63063502311707,53.048569,0.425546,0.477558,0.080195,"{'L1': 0, 'L2': 0, 'batch_size': 10, 'dec': 0.01, 'drate': 0.29, 'epochs': 100, 'hacti': 'relu', 'iacti': 'relu', 'idim': 31, 'kinit': 'he_normal', 'lrate': 0.005, 'ls': 'binary_crossentropy', 'ltype': 3, 'momen': 0.9, 'mstruct': (75, 75, 1), 'oacti': 'sigmoid', 'opti': 'SGD'}",123.000000,0.729855,0.709500,0.618667,0.744500,0.670048,0.694514,0.000000,0.045439,35,0.062751,18,0.729432,0.735645,0.748919,0.731237,0.745243,0.738095,0.007698,0.000000,0.000000,0.000000,0.000000,0.000000,0.000000,0.000000,25,0.000000,0.000000,0.000000,0.000000,0.007117,0.001423,0.002847
'comparative','DNM 5 year dropout',31.000000,'deep learning keras',"'python 3.8.5 (default, Sep  4 2020, 02:22:02) \n[Clang 10.0.0 ]'",'SM-5Year','/Users/chuhanxu/PycharmProjects/keras/DNM\\stage1/dnn_keras_bestmodel_5.py','/LSM-5Year.txt','Chuhans-MBP.fios-router.home','chuhanxu','Dell Inc.','Chuhans-MBP.fios-router.home','macOS-10.16-x86_64-i386-64bit','x86_64','CPU','Intel(R) Core(TM) i7-9750H CPU @ 2.60GHz','2.6000 GHz','16.0G',12,'14.666666666666666%','10/01/2021 08:57:59','10/01/2021 09:18:08',24.16503392,269.0701389312744,53.376597,0.279422,0.437431,0.092569,"{'L1': 0, 'L2': 0, 'batch_size': 10, 'dec': 0.01, 'drate': 0.3, 'epochs': 100, 'hacti': 'relu', 'iacti': 'relu', 'idim': 31, 'kinit': 'he_normal', 'lrate': 0.005, 'ls': 'binary_crossentropy', 'ltype': 3, 'momen': 0.9, 'mstruct': (75, 75, 1), 'oacti': 'sigmoid', 'opti': 'SGD'}",123.000000,0.713810,0.706048,0.609619,0.722310,0.693381,0.689033,0.000000,0.040832,42,0.079569,36,0.724181,0.744061,0.760079,0.750420,0.740556,0.743859,0.011869,0.000000,0.000000,0.000000,0.000000,0.000000,0.000000,0.000000,25,0.000000,0.000000,0.007117,0.000000,0.000000,0.001423,0.002847
'comparative','DNM 5 year dropout',32.000000,'deep learning keras',"'python 3.8.5 (default, Sep  4 2020, 02:22:02) \n[Clang 10.0.0 ]'",'SM-5Year','/Users/chuhanxu/PycharmProjects/keras/DNM\\stage1/dnn_keras_bestmodel_5.py','/LSM-5Year.txt','Chuhans-MBP.fios-router.home','chuhanxu','Dell Inc.','Chuhans-MBP.fios-router.home','macOS-10.16-x86_64-i386-64bit','x86_64','CPU','Intel(R) Core(TM) i7-9750H CPU @ 2.60GHz','2.6000 GHz','16.0G',12,'14.666666666666666%','10/01/2021 08:57:59','10/01/2021 09:18:08',24.16503392,269.4168519973755,53.307497,0.334910,0.575873,0.095389,"{'L1': 0, 'L2': 0, 'batch_size': 10, 'dec': 0.01, 'drate': 0.31, 'epochs': 100, 'hacti': 'relu', 'iacti': 'relu', 'idim': 31, 'kinit': 'he_normal', 'lrate': 0.005, 'ls': 'binary_crossentropy', 'ltype': 3, 'momen': 0.9, 'mstruct': (75, 75, 1), 'oacti': 'sigmoid', 'opti': 'SGD'}",123.000000,0.711053,0.679333,0.615381,0.758071,0.711976,0.695163,0.000000,0.047135,32,0.074014,32,0.738824,0.738367,0.764943,0.739185,0.751755,0.746615,0.010453,0.000000,0.000000,0.028169,0.000000,0.000000,0.005634,0.011268,18,0.000000,0.000000,0.000000,0.000000,0.000000,0.000000,0.000000
'comparative','DNM 5 year dropout',33.000000,'deep learning keras',"'python 3.8.5 (default, Sep  4 2020, 02:22:02) \n[Clang 10.0.0 ]'",'SM-5Year','/Users/chuhanxu/PycharmProjects/keras/DNM\\stage1/dnn_keras_bestmodel_5.py','/LSM-5Year.txt','Chuhans-MBP.fios-router.home','chuhanxu','Dell Inc.','Chuhans-MBP.fios-router.home','macOS-10.16-x86_64-i386-64bit','x86_64','CPU','Intel(R) Core(TM) i7-9750H CPU @ 2.60GHz','2.6000 GHz','16.0G',12,'14.666666666666666%','10/01/2021 08:57:59','10/01/2021 09:18:08',24.16503392,269.39712500572205,53.494051,0.413329,0.385374,0.107563,"{'L1': 0, 'L2': 0, 'batch_size': 10, 'dec': 0.01, 'drate': 0.32, 'epochs': 100, 'hacti': 'relu', 'iacti': 'relu', 'idim': 31, 'kinit': 'he_normal', 'lrate': 0.005, 'ls': 'binary_crossentropy', 'ltype': 3, 'momen': 0.9, 'mstruct': (75, 75, 1), 'oacti': 'sigmoid', 'opti': 'SGD'}",123.000000,0.702401,0.686357,0.640357,0.754167,0.729310,0.702518,0.000000,0.038757,16,0.057823,12,0.739612,0.723653,0.756230,0.746038,0.750164,0.743140,0.011147,0.000000,0.000000,0.000000,0.000000,0.000000,0.000000,0.000000,25,0.000000,0.000000,0.000000,0.000000,0.000000,0.000000,0.000000
'comparative','DNM 5 year dropout',34.000000,'deep learning keras',"'python 3.8.5 (default, Sep  4 2020, 02:22:02) \n[Clang 10.0.0 ]'",'SM-5Year','/Users/chuhanxu/PycharmProjects/keras/DNM\\stage1/dnn_keras_bestmodel_5.py','/LSM-5Year.txt','Chuhans-MBP.fios-router.home','chuhanxu','Dell Inc.','Chuhans-MBP.fios-router.home','macOS-10.16-x86_64-i386-64bit','x86_64','CPU','Intel(R) Core(TM) i7-9750H CPU @ 2.60GHz','2.6000 GHz','16.0G',12,'14.666666666666666%','10/01/2021 08:57:59','10/01/2021 09:18:08',24.16503392,270.31343603134155,53.466840,0.609379,0.595847,0.086640,"{'L1': 0, 'L2': 0, 'batch_size': 10, 'dec': 0.01, 'drate': 0.33, 'epochs': 100, 'hacti': 'relu', 'iacti': 'relu', 'idim': 31, 'kinit': 'he_normal', 'lrate': 0.005, 'ls': 'binary_crossentropy', 'ltype': 3, 'momen': 0.9, 'mstruct': (75, 75, 1), 'oacti': 'sigmoid', 'opti': 'SGD'}",123.000000,0.701664,0.703524,0.625238,0.751524,0.695405,0.695471,0.000000,0.040442,30,0.065367,25,0.724151,0.740869,0.761704,0.735847,0.742088,0.740932,0.012168,0.000000,0.000000,0.000000,0.000000,0.000000,0.000000,0.000000,25,0.000000,0.000000,0.000000,0.000000,0.000000,0.000000,0.000000
'comparative','DNM 5 year dropout',35.000000,'deep learning keras',"'python 3.8.5 (default, Sep  4 2020, 02:22:02) \n[Clang 10.0.0 ]'",'SM-5Year','/Users/chuhanxu/PycharmProjects/keras/DNM\\stage1/dnn_keras_bestmodel_5.py','/LSM-5Year.txt','Chuhans-MBP.fios-router.home','chuhanxu','Dell Inc.','Chuhans-MBP.fios-router.home','macOS-10.16-x86_64-i386-64bit','x86_64','CPU','Intel(R) Core(TM) i7-9750H CPU @ 2.60GHz','2.6000 GHz','16.0G',12,'14.666666666666666%','10/01/2021 08:57:59','10/01/2021 09:18:08',24.16503392,270.81270718574524,53.686592,0.276033,0.475949,0.071975,"{'L1': 0, 'L2': 0, 'batch_size': 10, 'dec': 0.01, 'drate': 0.34, 'epochs': 100, 'hacti': 'relu', 'iacti': 'relu', 'idim': 31, 'kinit': 'he_normal', 'lrate': 0.005, 'ls': 'binary_crossentropy', 'ltype': 3, 'momen': 0.9, 'mstruct': (75, 75, 1), 'oacti': 'sigmoid', 'opti': 'SGD'}",123.000000,0.710578,0.682024,0.624095,0.763595,0.696262,0.695311,0.000000,0.045044,31,0.057025,8,0.714266,0.741895,0.757143,0.725196,0.736303,0.734961,0.014599,0.000000,0.000000,0.000000,0.000000,0.000000,0.000000,0.000000,25,0.000000,0.000000,0.000000,0.000000,0.000000,0.000000,0.000000
'comparative','DNM 5 year dropout',36.000000,'deep learning keras',"'python 3.8.5 (default, Sep  4 2020, 02:22:02) \n[Clang 10.0.0 ]'",'SM-5Year','/Users/chuhanxu/PycharmProjects/keras/DNM\\stage1/dnn_keras_bestmodel_5.py','/LSM-5Year.txt','Chuhans-MBP.fios-router.home','chuhanxu','Dell Inc.','Chuhans-MBP.fios-router.home','macOS-10.16-x86_64-i386-64bit','x86_64','CPU','Intel(R) Core(TM) i7-9750H CPU @ 2.60GHz','2.6000 GHz','16.0G',12,'14.666666666666666%','10/01/2021 08:57:59','10/01/2021 09:18:08',24.16503392,272.93190240859985,54.076332,0.846596,0.510049,0.108263,"{'L1': 0, 'L2': 0, 'batch_size': 10, 'dec': 0.01, 'drate': 0.35, 'epochs': 100, 'hacti': 'relu', 'iacti': 'relu', 'idim': 31, 'kinit': 'he_normal', 'lrate': 0.005, 'ls': 'binary_crossentropy', 'ltype': 3, 'momen': 0.9, 'mstruct': (75, 75, 1), 'oacti': 'sigmoid', 'opti': 'SGD'}",123.000000,0.725529,0.697429,0.642548,0.756333,0.646500,0.693668,0.000000,0.044259,37,0.056452,7,0.740443,0.723506,0.757622,0.722932,0.719630,0.732827,0.014365,0.000000,0.000000,0.000000,0.000000,0.000000,0.000000,0.000000,25,0.000000,0.000000,0.007117,0.000000,0.000000,0.001423,0.002847
'comparative','DNM 5 year dropout',37.000000,'deep learning keras',"'python 3.8.5 (default, Sep  4 2020, 02:22:02) \n[Clang 10.0.0 ]'",'SM-5Year','/Users/chuhanxu/PycharmProjects/keras/DNM\\stage1/dnn_keras_bestmodel_5.py','/LSM-5Year.txt','Chuhans-MBP.fios-router.home','chuhanxu','Dell Inc.','Chuhans-MBP.fios-router.home','macOS-10.16-x86_64-i386-64bit','x86_64','CPU','Intel(R) Core(TM) i7-9750H CPU @ 2.60GHz','2.6000 GHz','16.0G',12,'14.666666666666666%','10/01/2021 08:57:59','10/01/2021 09:18:08',24.16503392,269.3362340927124,53.364489,0.718407,0.502758,0.028079,"{'L1': 0, 'L2': 0, 'batch_size': 10, 'dec': 0.01, 'drate': 0.36, 'epochs': 100, 'hacti': 'relu', 'iacti': 'relu', 'idim': 31, 'kinit': 'he_normal', 'lrate': 0.005, 'ls': 'binary_crossentropy', 'ltype': 3, 'momen': 0.9, 'mstruct': (75, 75, 1), 'oacti': 'sigmoid', 'opti': 'SGD'}",123.000000,0.693344,0.709429,0.647952,0.743000,0.678262,0.694397,0.000000,0.031644,36,0.071737,29,0.728346,0.742144,0.769492,0.730205,0.750872,0.744212,0.015071,0.000000,0.000000,0.000000,0.000000,0.000000,0.000000,0.000000,25,0.000000,0.000000,0.000000,0.000000,0.000000,0.000000,0.000000
'comparative','DNM 5 year dropout',38.000000,'deep learning keras',"'python 3.8.5 (default, Sep  4 2020, 02:22:02) \n[Clang 10.0.0 ]'",'SM-5Year','/Users/chuhanxu/PycharmProjects/keras/DNM\\stage1/dnn_keras_bestmodel_5.py','/LSM-5Year.txt','Chuhans-MBP.fios-router.home','chuhanxu','Dell Inc.','Chuhans-MBP.fios-router.home','macOS-10.16-x86_64-i386-64bit','x86_64','CPU','Intel(R) Core(TM) i7-9750H CPU @ 2.60GHz','2.6000 GHz','16.0G',12,'14.666666666666666%','10/01/2021 08:57:59','10/01/2021 09:18:08',24.16503392,271.48065519332886,53.823352,0.509325,0.472780,0.061661,"{'L1': 0, 'L2': 0, 'batch_size': 10, 'dec': 0.01, 'drate': 0.37, 'epochs': 100, 'hacti': 'relu', 'iacti': 'relu', 'idim': 31, 'kinit': 'he_normal', 'lrate': 0.005, 'ls': 'binary_crossentropy', 'ltype': 3, 'momen': 0.9, 'mstruct': (75, 75, 1), 'oacti': 'sigmoid', 'opti': 'SGD'}",123.000000,0.722558,0.722190,0.623143,0.730286,0.683952,0.696426,0.000000,0.040048,26,0.057659,11,0.742606,0.730769,0.764011,0.713718,0.731801,0.736581,0.016541,0.000000,0.000000,0.000000,0.000000,0.000000,0.000000,0.000000,25,0.000000,0.000000,0.000000,0.000000,0.000000,0.000000,0.000000
'comparative','DNM 5 year dropout',39.000000,'deep learning keras',"'python 3.8.5 (default, Sep  4 2020, 02:22:02) \n[Clang 10.0.0 ]'",'SM-5Year','/Users/chuhanxu/PycharmProjects/keras/DNM\\stage1/dnn_keras_bestmodel_5.py','/LSM-5Year.txt','Chuhans-MBP.fios-router.home','chuhanxu','Dell Inc.','Chuhans-MBP.fios-router.home','macOS-10.16-x86_64-i386-64bit','x86_64','CPU','Intel(R) Core(TM) i7-9750H CPU @ 2.60GHz','2.6000 GHz','16.0G',12,'14.666666666666666%','10/01/2021 08:57:59','10/01/2021 09:18:08',24.16503392,271.9237759113312,53.771437,0.691410,0.613318,0.055894,"{'L1': 0, 'L2': 0, 'batch_size': 10, 'dec': 0.01, 'drate': 0.38, 'epochs': 100, 'hacti': 'relu', 'iacti': 'relu', 'idim': 31, 'kinit': 'he_normal', 'lrate': 0.005, 'ls': 'binary_crossentropy', 'ltype': 3, 'momen': 0.9, 'mstruct': (75, 75, 1), 'oacti': 'sigmoid', 'opti': 'SGD'}",123.000000,0.720799,0.728000,0.623048,0.754214,0.700310,0.705274,0.000000,0.044584,11,0.038930,3,0.735654,0.742462,0.750125,0.706886,0.728524,0.732730,0.014775,0.000000,0.000000,0.000000,0.000000,0.000000,0.000000,0.000000,25,0.000000,0.000000,0.000000,0.000000,0.000000,0.000000,0.000000
'comparative','DNM 5 year dropout',40.000000,'deep learning keras',"'python 3.8.5 (default, Sep  4 2020, 02:22:02) \n[Clang 10.0.0 ]'",'SM-5Year','/Users/chuhanxu/PycharmProjects/keras/DNM\\stage1/dnn_keras_bestmodel_5.py','/LSM-5Year.txt','Chuhans-MBP.fios-router.home','chuhanxu','Dell Inc.','Chuhans-MBP.fios-router.home','macOS-10.16-x86_64-i386-64bit','x86_64','CPU','Intel(R) Core(TM) i7-9750H CPU @ 2.60GHz','2.6000 GHz','16.0G',12,'14.666666666666666%','10/01/2021 08:57:59','10/01/2021 09:18:08',24.16503392,274.2923526763916,54.353032,0.576108,0.505439,0.042306,"{'L1': 0, 'L2': 0, 'batch_size': 10, 'dec': 0.01, 'drate': 0.39, 'epochs': 100, 'hacti': 'relu', 'iacti': 'relu', 'idim': 31, 'kinit': 'he_normal', 'lrate': 0.005, 'ls': 'binary_crossentropy', 'ltype': 3, 'momen': 0.9, 'mstruct': (75, 75, 1), 'oacti': 'sigmoid', 'opti': 'SGD'}",123.000000,0.707535,0.726000,0.608595,0.740976,0.680857,0.692793,0.000000,0.046633,39,0.058855,13,0.733038,0.727320,0.746420,0.718626,0.742430,0.733567,0.010063,0.000000,0.000000,0.000000,0.000000,0.000000,0.000000,0.000000,25,0.000000,0.000000,0.000000,0.000000,0.000000,0.000000,0.000000
'comparative','DNM 5 year dropout',41.000000,'deep learning keras',"'python 3.8.5 (default, Sep  4 2020, 02:22:02) \n[Clang 10.0.0 ]'",'SM-5Year','/Users/chuhanxu/PycharmProjects/keras/DNM\\stage1/dnn_keras_bestmodel_5.py','/LSM-5Year.txt','Chuhans-MBP.fios-router.home','chuhanxu','Dell Inc.','Chuhans-MBP.fios-router.home','macOS-10.16-x86_64-i386-64bit','x86_64','CPU','Intel(R) Core(TM) i7-9750H CPU @ 2.60GHz','2.6000 GHz','16.0G',12,'14.666666666666666%','10/01/2021 08:57:59','10/01/2021 09:18:08',24.16503392,276.0626289844513,54.604355,0.771223,0.608171,0.081331,"{'L1': 0, 'L2': 0, 'batch_size': 10, 'dec': 0.01, 'drate': 0.4, 'epochs': 100, 'hacti': 'relu', 'iacti': 'relu', 'idim': 31, 'kinit': 'he_normal', 'lrate': 0.005, 'ls': 'binary_crossentropy', 'ltype': 3, 'momen': 0.9, 'mstruct': (75, 75, 1), 'oacti': 'sigmoid', 'opti': 'SGD'}",123.000000,0.718184,0.706857,0.637286,0.719310,0.697810,0.695889,0.000000,0.030344,29,0.052207,5,0.730383,0.719838,0.751493,0.715457,0.743925,0.732219,0.013756,0.000000,0.000000,0.000000,0.000000,0.000000,0.000000,0.000000,25,0.000000,0.000000,0.000000,0.000000,0.000000,0.000000,0.000000
'comparative','DNM 5 year dropout',42.000000,'deep learning keras',"'python 3.8.5 (default, Sep  4 2020, 02:22:02) \n[Clang 10.0.0 ]'",'SM-5Year','/Users/chuhanxu/PycharmProjects/keras/DNM\\stage1/dnn_keras_bestmodel_5.py','/LSM-5Year.txt','Chuhans-MBP.fios-router.home','chuhanxu','Dell Inc.','Chuhans-MBP.fios-router.home','macOS-10.16-x86_64-i386-64bit','x86_64','CPU','Intel(R) Core(TM) i7-9750H CPU @ 2.60GHz','2.6000 GHz','16.0G',12,'14.666666666666666%','10/01/2021 08:57:59','10/01/2021 09:18:08',24.16503392,275.44386553764343,54.580542,0.527256,0.508231,0.041456,"{'L1': 0, 'L2': 0, 'batch_size': 10, 'dec': 0.01, 'drate': 0.41, 'epochs': 100, 'hacti': 'relu', 'iacti': 'relu', 'idim': 31, 'kinit': 'he_normal', 'lrate': 0.005, 'ls': 'binary_crossentropy', 'ltype': 3, 'momen': 0.9, 'mstruct': (75, 75, 1), 'oacti': 'sigmoid', 'opti': 'SGD'}",123.000000,0.698907,0.726381,0.624714,0.759000,0.666619,0.695124,0.000000,0.046565,33,0.049422,4,0.725373,0.722304,0.727978,0.724853,0.746884,0.729478,0.008887,0.000000,0.000000,0.000000,0.000000,0.000000,0.000000,0.000000,25,0.000000,0.000000,0.000000,0.000000,0.000000,0.000000,0.000000
'comparative','DNM 5 year dropout',43.000000,'deep learning keras',"'python 3.8.5 (default, Sep  4 2020, 02:22:02) \n[Clang 10.0.0 ]'",'SM-5Year','/Users/chuhanxu/PycharmProjects/keras/DNM\\stage1/dnn_keras_bestmodel_5.py','/LSM-5Year.txt','Chuhans-MBP.fios-router.home','chuhanxu','Dell Inc.','Chuhans-MBP.fios-router.home','macOS-10.16-x86_64-i386-64bit','x86_64','CPU','Intel(R) Core(TM) i7-9750H CPU @ 2.60GHz','2.6000 GHz','16.0G',12,'14.666666666666666%','10/01/2021 08:57:59','10/01/2021 09:18:08',24.16503392,274.8611831665039,54.480690,0.287357,0.491547,0.071417,"{'L1': 0, 'L2': 0, 'batch_size': 10, 'dec': 0.01, 'drate': 0.42, 'epochs': 100, 'hacti': 'relu', 'iacti': 'relu', 'idim': 31, 'kinit': 'he_normal', 'lrate': 0.005, 'ls': 'binary_crossentropy', 'ltype': 3, 'momen': 0.9, 'mstruct': (75, 75, 1), 'oacti': 'sigmoid', 'opti': 'SGD'}",123.000000,0.685667,0.683929,0.634690,0.734024,0.698000,0.687262,0.000000,0.031873,44,0.061926,16,0.726355,0.726650,0.749491,0.708286,0.738326,0.729822,0.013748,0.000000,0.000000,0.000000,0.000000,0.000000,0.000000,0.000000,25,0.000000,0.000000,0.000000,0.000000,0.000000,0.000000,0.000000
'comparative','DNM 5 year dropout',44.000000,'deep learning keras',"'python 3.8.5 (default, Sep  4 2020, 02:22:02) \n[Clang 10.0.0 ]'",'SM-5Year','/Users/chuhanxu/PycharmProjects/keras/DNM\\stage1/dnn_keras_bestmodel_5.py','/LSM-5Year.txt','Chuhans-MBP.fios-router.home','chuhanxu','Dell Inc.','Chuhans-MBP.fios-router.home','macOS-10.16-x86_64-i386-64bit','x86_64','CPU','Intel(R) Core(TM) i7-9750H CPU @ 2.60GHz','2.6000 GHz','16.0G',12,'14.666666666666666%','10/01/2021 08:57:59','10/01/2021 09:18:08',24.16503392,273.14061307907104,54.057021,0.297558,0.571102,0.092445,"{'L1': 0, 'L2': 0, 'batch_size': 10, 'dec': 0.01, 'drate': 0.43, 'epochs': 100, 'hacti': 'relu', 'iacti': 'relu', 'idim': 31, 'kinit': 'he_normal', 'lrate': 0.005, 'ls': 'binary_crossentropy', 'ltype': 3, 'momen': 0.9, 'mstruct': (75, 75, 1), 'oacti': 'sigmoid', 'opti': 'SGD'}",123.000000,0.707321,0.707952,0.643381,0.698810,0.636262,0.678745,0.000000,0.032024,48,0.060894,14,0.702708,0.730800,0.752471,0.700471,0.713934,0.720077,0.019433,0.000000,0.000000,0.000000,0.000000,0.000000,0.000000,0.000000,25,0.000000,0.000000,0.000000,0.000000,0.000000,0.000000,0.000000
'comparative','DNM 5 year dropout',45.000000,'deep learning keras',"'python 3.8.5 (default, Sep  4 2020, 02:22:02) \n[Clang 10.0.0 ]'",'SM-5Year','/Users/chuhanxu/PycharmProjects/keras/DNM\\stage1/dnn_keras_bestmodel_5.py','/LSM-5Year.txt','Chuhans-MBP.fios-router.home','chuhanxu','Dell Inc.','Chuhans-MBP.fios-router.home','macOS-10.16-x86_64-i386-64bit','x86_64','CPU','Intel(R) Core(TM) i7-9750H CPU @ 2.60GHz','2.6000 GHz','16.0G',12,'14.666666666666666%','10/01/2021 08:57:59','10/01/2021 09:18:08',24.16503392,273.4850513935089,54.215286,0.321735,0.481725,0.015304,"{'L1': 0, 'L2': 0, 'batch_size': 10, 'dec': 0.01, 'drate': 0.44, 'epochs': 100, 'hacti': 'relu', 'iacti': 'relu', 'idim': 31, 'kinit': 'he_normal', 'lrate': 0.005, 'ls': 'binary_crossentropy', 'ltype': 3, 'momen': 0.9, 'mstruct': (75, 75, 1), 'oacti': 'sigmoid', 'opti': 'SGD'}",123.000000,0.706632,0.676857,0.618524,0.719952,0.656595,0.675712,0.000000,0.036195,50,0.074052,33,0.718822,0.718148,0.755739,0.714739,0.721302,0.725750,0.015140,0.000000,0.000000,0.000000,0.000000,0.000000,0.000000,0.000000,25,0.000000,0.000000,0.000000,0.000000,0.000000,0.000000,0.000000
'comparative','DNM 5 year dropout',46.000000,'deep learning keras',"'python 3.8.5 (default, Sep  4 2020, 02:22:02) \n[Clang 10.0.0 ]'",'SM-5Year','/Users/chuhanxu/PycharmProjects/keras/DNM\\stage1/dnn_keras_bestmodel_5.py','/LSM-5Year.txt','Chuhans-MBP.fios-router.home','chuhanxu','Dell Inc.','Chuhans-MBP.fios-router.home','macOS-10.16-x86_64-i386-64bit','x86_64','CPU','Intel(R) Core(TM) i7-9750H CPU @ 2.60GHz','2.6000 GHz','16.0G',12,'14.666666666666666%','10/01/2021 08:57:59','10/01/2021 09:18:08',24.16503392,272.08453011512756,53.830788,0.643031,0.586118,0.094682,"{'L1': 0, 'L2': 0, 'batch_size': 10, 'dec': 0.01, 'drate': 0.45, 'epochs': 100, 'hacti': 'relu', 'iacti': 'relu', 'idim': 31, 'kinit': 'he_normal', 'lrate': 0.005, 'ls': 'binary_crossentropy', 'ltype': 3, 'momen': 0.9, 'mstruct': (75, 75, 1), 'oacti': 'sigmoid', 'opti': 'SGD'}",123.000000,0.700071,0.688381,0.623095,0.751214,0.626762,0.677905,0.000000,0.048156,49,0.057068,9,0.708843,0.729343,0.720615,0.718059,0.706097,0.716591,0.008380,0.000000,0.000000,0.000000,0.000000,0.000000,0.000000,0.000000,25,0.000000,0.000000,0.000000,0.000000,0.000000,0.000000,0.000000
'comparative','DNM 5 year dropout',47.000000,'deep learning keras',"'python 3.8.5 (default, Sep  4 2020, 02:22:02) \n[Clang 10.0.0 ]'",'SM-5Year','/Users/chuhanxu/PycharmProjects/keras/DNM\\stage1/dnn_keras_bestmodel_5.py','/LSM-5Year.txt','Chuhans-MBP.fios-router.home','chuhanxu','Dell Inc.','Chuhans-MBP.fios-router.home','macOS-10.16-x86_64-i386-64bit','x86_64','CPU','Intel(R) Core(TM) i7-9750H CPU @ 2.60GHz','2.6000 GHz','16.0G',12,'14.666666666666666%','10/01/2021 08:57:59','10/01/2021 09:18:08',24.16503392,270.74902868270874,53.688260,0.455947,0.461546,0.061437,"{'L1': 0, 'L2': 0, 'batch_size': 10, 'dec': 0.01, 'drate': 0.46, 'epochs': 100, 'hacti': 'relu', 'iacti': 'relu', 'idim': 31, 'kinit': 'he_normal', 'lrate': 0.005, 'ls': 'binary_crossentropy', 'ltype': 3, 'momen': 0.9, 'mstruct': (75, 75, 1), 'oacti': 'sigmoid', 'opti': 'SGD'}",123.000000,0.723580,0.716119,0.629976,0.751357,0.664524,0.697111,0.000000,0.043757,25,0.030907,1,0.706508,0.724262,0.737963,0.703547,0.721005,0.718657,0.012535,0.000000,0.000000,0.000000,0.000000,0.000000,0.000000,0.000000,25,0.000000,0.000000,0.000000,0.000000,0.000000,0.000000,0.000000
'comparative','DNM 5 year dropout',48.000000,'deep learning keras',"'python 3.8.5 (default, Sep  4 2020, 02:22:02) \n[Clang 10.0.0 ]'",'SM-5Year','/Users/chuhanxu/PycharmProjects/keras/DNM\\stage1/dnn_keras_bestmodel_5.py','/LSM-5Year.txt','Chuhans-MBP.fios-router.home','chuhanxu','Dell Inc.','Chuhans-MBP.fios-router.home','macOS-10.16-x86_64-i386-64bit','x86_64','CPU','Intel(R) Core(TM) i7-9750H CPU @ 2.60GHz','2.6000 GHz','16.0G',12,'14.666666666666666%','10/01/2021 08:57:59','10/01/2021 09:18:08',24.16503392,269.2806918621063,53.344644,0.498153,0.511495,0.053297,"{'L1': 0, 'L2': 0, 'batch_size': 10, 'dec': 0.01, 'drate': 0.47, 'epochs': 100, 'hacti': 'relu', 'iacti': 'relu', 'idim': 31, 'kinit': 'he_normal', 'lrate': 0.005, 'ls': 'binary_crossentropy', 'ltype': 3, 'momen': 0.9, 'mstruct': (75, 75, 1), 'oacti': 'sigmoid', 'opti': 'SGD'}",123.000000,0.714618,0.669214,0.645571,0.709714,0.698095,0.687443,0.000000,0.026205,43,0.054906,6,0.726684,0.716852,0.767197,0.692559,0.722647,0.725188,0.024115,0.000000,0.000000,0.000000,0.000000,0.000000,0.000000,0.000000,25,0.000000,0.000000,0.000000,0.000000,0.000000,0.000000,0.000000
'comparative','DNM 5 year dropout',49.000000,'deep learning keras',"'python 3.8.5 (default, Sep  4 2020, 02:22:02) \n[Clang 10.0.0 ]'",'SM-5Year','/Users/chuhanxu/PycharmProjects/keras/DNM\\stage1/dnn_keras_bestmodel_5.py','/LSM-5Year.txt','Chuhans-MBP.fios-router.home','chuhanxu','Dell Inc.','Chuhans-MBP.fios-router.home','macOS-10.16-x86_64-i386-64bit','x86_64','CPU','Intel(R) Core(TM) i7-9750H CPU @ 2.60GHz','2.6000 GHz','16.0G',12,'14.666666666666666%','10/01/2021 08:57:59','10/01/2021 09:18:08',24.16503392,242.51095247268677,48.158755,0.406090,0.343436,0.174483,"{'L1': 0, 'L2': 0, 'batch_size': 10, 'dec': 0.01, 'drate': 0.48, 'epochs': 100, 'hacti': 'relu', 'iacti': 'relu', 'idim': 31, 'kinit': 'he_normal', 'lrate': 0.005, 'ls': 'binary_crossentropy', 'ltype': 3, 'momen': 0.9, 'mstruct': (75, 75, 1), 'oacti': 'sigmoid', 'opti': 'SGD'}",123.000000,0.710316,0.692405,0.640310,0.702000,0.669690,0.682944,0.000000,0.025279,47,0.065112,23,0.721900,0.732280,0.747611,0.697835,0.737433,0.727412,0.016955,0.000000,0.000000,0.000000,0.000000,0.000000,0.000000,0.000000,25,0.000000,0.000000,0.000000,0.000000,0.000000,0.000000,0.000000
'comparative','DNM 5 year dropout',50.000000,'deep learning keras',"'python 3.8.5 (default, Sep  4 2020, 02:22:02) \n[Clang 10.0.0 ]'",'SM-5Year','/Users/chuhanxu/PycharmProjects/keras/DNM\\stage1/dnn_keras_bestmodel_5.py','/LSM-5Year.txt','Chuhans-MBP.fios-router.home','chuhanxu','Dell Inc.','Chuhans-MBP.fios-router.home','macOS-10.16-x86_64-i386-64bit','x86_64','CPU','Intel(R) Core(TM) i7-9750H CPU @ 2.60GHz','2.6000 GHz','16.0G',12,'14.666666666666666%','10/01/2021 08:57:59','10/01/2021 09:18:08',24.16503392,234.67543196678162,46.778866,1.113639,0.156220,0.060507,"{'L1': 0, 'L2': 0, 'batch_size': 10, 'dec': 0.01, 'drate': 0.49, 'epochs': 100, 'hacti': 'relu', 'iacti': 'relu', 'idim': 31, 'kinit': 'he_normal', 'lrate': 0.005, 'ls': 'binary_crossentropy', 'ltype': 3, 'momen': 0.9, 'mstruct': (75, 75, 1), 'oacti': 'sigmoid', 'opti': 'SGD'}",123.000000,0.678892,0.717976,0.648690,0.710071,0.668595,0.684845,0.000000,0.025848,46,0.036364,2,0.722011,0.708045,0.738118,0.666833,0.713738,0.709749,0.023731,0.000000,0.000000,0.000000,0.000000,0.000000,0.000000,0.000000,25,0.000000,0.000000,0.000000,0.000000,0.000000,0.000000,0.000000
